Rang Montag;Name;Montag Punkte;Dienstag Punkte;Mittwoch Punkte;Donnerstag Punkte;Freitag Punkte;Samstag Punkte;Wöchentliche Punkte;Tagesdurchschnitt;Tage unter 2.300.000;Tage genau 2.300.000;Tage kritisch (<= 2.300.000);Beteiligung über Minimum (%);Status
54;Emre16;2307211;;;;;;"=IF(COUNT(C2:H2)=0,"""",SUM(C2:H2))";"=IF(COUNT(C2:H2)=0,"""",AVERAGE(C2:H2))";"=IF(COUNT(C2:H2)=0,"""",COUNTIF(C2:H2,""<2300000""))";"=IF(COUNT(C2:H2)=0,"""",COUNTIF(C2:H2,2300000))";"=IF(COUNT(C2:H2)=0,"""",COUNTIF(C2:H2,""<=2300000""))";"=IF(COUNT(C2:H2)=0,"""",COUNTIF(C2:H2,"">2300000"")/COUNT(C2:H2))";"=IF(COUNT(C2:H2)<6,""Daten unvollständig"",IF(COUNTIF(C2:H2,""<=2300000"")>=4,""Entfernung prüfen"",IF(COUNTIF(C2:H2,""<=2300000"")>=2,""Warnung"",""OK"")))"
55;Amen un 11;2237134;;;;;;"=IF(COUNT(C3:H3)=0,"""",SUM(C3:H3))";"=IF(COUNT(C3:H3)=0,"""",AVERAGE(C3:H3))";"=IF(COUNT(C3:H3)=0,"""",COUNTIF(C3:H3,""<2300000""))";"=IF(COUNT(C3:H3)=0,"""",COUNTIF(C3:H3,2300000))";"=IF(COUNT(C3:H3)=0,"""",COUNTIF(C3:H3,""<=2300000""))";"=IF(COUNT(C3:H3)=0,"""",COUNTIF(C3:H3,"">2300000"")/COUNT(C3:H3))";"=IF(COUNT(C3:H3)<6,""Daten unvollständig"",IF(COUNTIF(C3:H3,""<=2300000"")>=4,""Entfernung prüfen"",IF(COUNTIF(C3:H3,""<=2300000"")>=2,""Warnung"",""OK"")))"
56;LukeOfficial;2230750;;;;;;"=IF(COUNT(C4:H4)=0,"""",SUM(C4:H4))";"=IF(COUNT(C4:H4)=0,"""",AVERAGE(C4:H4))";"=IF(COUNT(C4:H4)=0,"""",COUNTIF(C4:H4,""<2300000""))";"=IF(COUNT(C4:H4)=0,"""",COUNTIF(C4:H4,2300000))";"=IF(COUNT(C4:H4)=0,"""",COUNTIF(C4:H4,""<=2300000""))";"=IF(COUNT(C4:H4)=0,"""",COUNTIF(C4:H4,"">2300000"")/COUNT(C4:H4))";"=IF(COUNT(C4:H4)<6,""Daten unvollständig"",IF(COUNTIF(C4:H4,""<=2300000"")>=4,""Entfernung prüfen"",IF(COUNTIF(C4:H4,""<=2300000"")>=2,""Warnung"",""OK"")))"
57;Bibothekid;2221167;;;;;;"=IF(COUNT(C5:H5)=0,"""",SUM(C5:H5))";"=IF(COUNT(C5:H5)=0,"""",AVERAGE(C5:H5))";"=IF(COUNT(C5:H5)=0,"""",COUNTIF(C5:H5,""<2300000""))";"=IF(COUNT(C5:H5)=0,"""",COUNTIF(C5:H5,2300000))";"=IF(COUNT(C5:H5)=0,"""",COUNTIF(C5:H5,""<=2300000""))";"=IF(COUNT(C5:H5)=0,"""",COUNTIF(C5:H5,"">2300000"")/COUNT(C5:H5))";"=IF(COUNT(C5:H5)<6,""Daten unvollständig"",IF(COUNTIF(C5:H5,""<=2300000"")>=4,""Entfernung prüfen"",IF(COUNTIF(C5:H5,""<=2300000"")>=2,""Warnung"",""OK"")))"
58;ASLANTAŞ;2184727;;;;;;"=IF(COUNT(C6:H6)=0,"""",SUM(C6:H6))";"=IF(COUNT(C6:H6)=0,"""",AVERAGE(C6:H6))";"=IF(COUNT(C6:H6)=0,"""",COUNTIF(C6:H6,""<2300000""))";"=IF(COUNT(C6:H6)=0,"""",COUNTIF(C6:H6,2300000))";"=IF(COUNT(C6:H6)=0,"""",COUNTIF(C6:H6,""<=2300000""))";"=IF(COUNT(C6:H6)=0,"""",COUNTIF(C6:H6,"">2300000"")/COUNT(C6:H6))";"=IF(COUNT(C6:H6)<6,""Daten unvollständig"",IF(COUNTIF(C6:H6,""<=2300000"")>=4,""Entfernung prüfen"",IF(COUNTIF(C6:H6,""<=2300000"")>=2,""Warnung"",""OK"")))"
59;iamnotknuckis;2176303;;;;;;"=IF(COUNT(C7:H7)=0,"""",SUM(C7:H7))";"=IF(COUNT(C7:H7)=0,"""",AVERAGE(C7:H7))";"=IF(COUNT(C7:H7)=0,"""",COUNTIF(C7:H7,""<2300000""))";"=IF(COUNT(C7:H7)=0,"""",COUNTIF(C7:H7,2300000))";"=IF(COUNT(C7:H7)=0,"""",COUNTIF(C7:H7,""<=2300000""))";"=IF(COUNT(C7:H7)=0,"""",COUNTIF(C7:H7,"">2300000"")/COUNT(C7:H7))";"=IF(COUNT(C7:H7)<6,""Daten unvollständig"",IF(COUNTIF(C7:H7,""<=2300000"")>=4,""Entfernung prüfen"",IF(COUNTIF(C7:H7,""<=2300000"")>=2,""Warnung"",""OK"")))"
60;Thor82;2099750;;;;;;"=IF(COUNT(C8:H8)=0,"""",SUM(C8:H8))";"=IF(COUNT(C8:H8)=0,"""",AVERAGE(C8:H8))";"=IF(COUNT(C8:H8)=0,"""",COUNTIF(C8:H8,""<2300000""))";"=IF(COUNT(C8:H8)=0,"""",COUNTIF(C8:H8,2300000))";"=IF(COUNT(C8:H8)=0,"""",COUNTIF(C8:H8,""<=2300000""))";"=IF(COUNT(C8:H8)=0,"""",COUNTIF(C8:H8,"">2300000"")/COUNT(C8:H8))";"=IF(COUNT(C8:H8)<6,""Daten unvollständig"",IF(COUNTIF(C8:H8,""<=2300000"")>=4,""Entfernung prüfen"",IF(COUNTIF(C8:H8,""<=2300000"")>=2,""Warnung"",""OK"")))"
61;Stickkills34;2049719;;;;;;"=IF(COUNT(C9:H9)=0,"""",SUM(C9:H9))";"=IF(COUNT(C9:H9)=0,"""",AVERAGE(C9:H9))";"=IF(COUNT(C9:H9)=0,"""",COUNTIF(C9:H9,""<2300000""))";"=IF(COUNT(C9:H9)=0,"""",COUNTIF(C9:H9,2300000))";"=IF(COUNT(C9:H9)=0,"""",COUNTIF(C9:H9,""<=2300000""))";"=IF(COUNT(C9:H9)=0,"""",COUNTIF(C9:H9,"">2300000"")/COUNT(C9:H9))";"=IF(COUNT(C9:H9)<6,""Daten unvollständig"",IF(COUNTIF(C9:H9,""<=2300000"")>=4,""Entfernung prüfen"",IF(COUNTIF(C9:H9,""<=2300000"")>=2,""Warnung"",""OK"")))"
62;RexMortis;2033223;;;;;;"=IF(COUNT(C10:H10)=0,"""",SUM(C10:H10))";"=IF(COUNT(C10:H10)=0,"""",AVERAGE(C10:H10))";"=IF(COUNT(C10:H10)=0,"""",COUNTIF(C10:H10,""<2300000""))";"=IF(COUNT(C10:H10)=0,"""",COUNTIF(C10:H10,2300000))";"=IF(COUNT(C10:H10)=0,"""",COUNTIF(C10:H10,""<=2300000""))";"=IF(COUNT(C10:H10)=0,"""",COUNTIF(C10:H10,"">2300000"")/COUNT(C10:H10))";"=IF(COUNT(C10:H10)<6,""Daten unvollständig"",IF(COUNTIF(C10:H10,""<=2300000"")>=4,""Entfernung prüfen"",IF(COUNTIF(C10:H10,""<=2300000"")>=2,""Warnung"",""OK"")))"
63;Fallen Angel;2004570;;;;;;"=IF(COUNT(C11:H11)=0,"""",SUM(C11:H11))";"=IF(COUNT(C11:H11)=0,"""",AVERAGE(C11:H11))";"=IF(COUNT(C11:H11)=0,"""",COUNTIF(C11:H11,""<2300000""))";"=IF(COUNT(C11:H11)=0,"""",COUNTIF(C11:H11,2300000))";"=IF(COUNT(C11:H11)=0,"""",COUNTIF(C11:H11,""<=2300000""))";"=IF(COUNT(C11:H11)=0,"""",COUNTIF(C11:H11,"">2300000"")/COUNT(C11:H11))";"=IF(COUNT(C11:H11)<6,""Daten unvollständig"",IF(COUNTIF(C11:H11,""<=2300000"")>=4,""Entfernung prüfen"",IF(COUNTIF(C11:H11,""<=2300000"")>=2,""Warnung"",""OK"")))"
64;Phoenix king;1871437;;;;;;"=IF(COUNT(C12:H12)=0,"""",SUM(C12:H12))";"=IF(COUNT(C12:H12)=0,"""",AVERAGE(C12:H12))";"=IF(COUNT(C12:H12)=0,"""",COUNTIF(C12:H12,""<2300000""))";"=IF(COUNT(C12:H12)=0,"""",COUNTIF(C12:H12,2300000))";"=IF(COUNT(C12:H12)=0,"""",COUNTIF(C12:H12,""<=2300000""))";"=IF(COUNT(C12:H12)=0,"""",COUNTIF(C12:H12,"">2300000"")/COUNT(C12:H12))";"=IF(COUNT(C12:H12)<6,""Daten unvollständig"",IF(COUNTIF(C12:H12,""<=2300000"")>=4,""Entfernung prüfen"",IF(COUNTIF(C12:H12,""<=2300000"")>=2,""Warnung"",""OK"")))"
65;Katagena;1838129;;;;;;"=IF(COUNT(C13:H13)=0,"""",SUM(C13:H13))";"=IF(COUNT(C13:H13)=0,"""",AVERAGE(C13:H13))";"=IF(COUNT(C13:H13)=0,"""",COUNTIF(C13:H13,""<2300000""))";"=IF(COUNT(C13:H13)=0,"""",COUNTIF(C13:H13,2300000))";"=IF(COUNT(C13:H13)=0,"""",COUNTIF(C13:H13,""<=2300000""))";"=IF(COUNT(C13:H13)=0,"""",COUNTIF(C13:H13,"">2300000"")/COUNT(C13:H13))";"=IF(COUNT(C13:H13)<6,""Daten unvollständig"",IF(COUNTIF(C13:H13,""<=2300000"")>=4,""Entfernung prüfen"",IF(COUNTIF(C13:H13,""<=2300000"")>=2,""Warnung"",""OK"")))"
66;AEGON;1806371;;;;;;"=IF(COUNT(C14:H14)=0,"""",SUM(C14:H14))";"=IF(COUNT(C14:H14)=0,"""",AVERAGE(C14:H14))";"=IF(COUNT(C14:H14)=0,"""",COUNTIF(C14:H14,""<2300000""))";"=IF(COUNT(C14:H14)=0,"""",COUNTIF(C14:H14,2300000))";"=IF(COUNT(C14:H14)=0,"""",COUNTIF(C14:H14,""<=2300000""))";"=IF(COUNT(C14:H14)=0,"""",COUNTIF(C14:H14,"">2300000"")/COUNT(C14:H14))";"=IF(COUNT(C14:H14)<6,""Daten unvollständig"",IF(COUNTIF(C14:H14,""<=2300000"")>=4,""Entfernung prüfen"",IF(COUNTIF(C14:H14,""<=2300000"")>=2,""Warnung"",""OK"")))"
67;redan;1792742;;;;;;"=IF(COUNT(C15:H15)=0,"""",SUM(C15:H15))";"=IF(COUNT(C15:H15)=0,"""",AVERAGE(C15:H15))";"=IF(COUNT(C15:H15)=0,"""",COUNTIF(C15:H15,""<2300000""))";"=IF(COUNT(C15:H15)=0,"""",COUNTIF(C15:H15,2300000))";"=IF(COUNT(C15:H15)=0,"""",COUNTIF(C15:H15,""<=2300000""))";"=IF(COUNT(C15:H15)=0,"""",COUNTIF(C15:H15,"">2300000"")/COUNT(C15:H15))";"=IF(COUNT(C15:H15)<6,""Daten unvollständig"",IF(COUNTIF(C15:H15,""<=2300000"")>=4,""Entfernung prüfen"",IF(COUNTIF(C15:H15,""<=2300000"")>=2,""Warnung"",""OK"")))"
68;xX PUNISHER Xx;1785392;;;;;;"=IF(COUNT(C16:H16)=0,"""",SUM(C16:H16))";"=IF(COUNT(C16:H16)=0,"""",AVERAGE(C16:H16))";"=IF(COUNT(C16:H16)=0,"""",COUNTIF(C16:H16,""<2300000""))";"=IF(COUNT(C16:H16)=0,"""",COUNTIF(C16:H16,2300000))";"=IF(COUNT(C16:H16)=0,"""",COUNTIF(C16:H16,""<=2300000""))";"=IF(COUNT(C16:H16)=0,"""",COUNTIF(C16:H16,"">2300000"")/COUNT(C16:H16))";"=IF(COUNT(C16:H16)<6,""Daten unvollständig"",IF(COUNTIF(C16:H16,""<=2300000"")>=4,""Entfernung prüfen"",IF(COUNTIF(C16:H16,""<=2300000"")>=2,""Warnung"",""OK"")))"
69;greenarcher;1727362;;;;;;"=IF(COUNT(C17:H17)=0,"""",SUM(C17:H17))";"=IF(COUNT(C17:H17)=0,"""",AVERAGE(C17:H17))";"=IF(COUNT(C17:H17)=0,"""",COUNTIF(C17:H17,""<2300000""))";"=IF(COUNT(C17:H17)=0,"""",COUNTIF(C17:H17,2300000))";"=IF(COUNT(C17:H17)=0,"""",COUNTIF(C17:H17,""<=2300000""))";"=IF(COUNT(C17:H17)=0,"""",COUNTIF(C17:H17,"">2300000"")/COUNT(C17:H17))";"=IF(COUNT(C17:H17)<6,""Daten unvollständig"",IF(COUNTIF(C17:H17,""<=2300000"")>=4,""Entfernung prüfen"",IF(COUNTIF(C17:H17,""<=2300000"")>=2,""Warnung"",""OK"")))"
70;Lád'o;1726250;;;;;;"=IF(COUNT(C18:H18)=0,"""",SUM(C18:H18))";"=IF(COUNT(C18:H18)=0,"""",AVERAGE(C18:H18))";"=IF(COUNT(C18:H18)=0,"""",COUNTIF(C18:H18,""<2300000""))";"=IF(COUNT(C18:H18)=0,"""",COUNTIF(C18:H18,2300000))";"=IF(COUNT(C18:H18)=0,"""",COUNTIF(C18:H18,""<=2300000""))";"=IF(COUNT(C18:H18)=0,"""",COUNTIF(C18:H18,"">2300000"")/COUNT(C18:H18))";"=IF(COUNT(C18:H18)<6,""Daten unvollständig"",IF(COUNTIF(C18:H18,""<=2300000"")>=4,""Entfernung prüfen"",IF(COUNTIF(C18:H18,""<=2300000"")>=2,""Warnung"",""OK"")))"
71;Pony85;1723750;;;;;;"=IF(COUNT(C19:H19)=0,"""",SUM(C19:H19))";"=IF(COUNT(C19:H19)=0,"""",AVERAGE(C19:H19))";"=IF(COUNT(C19:H19)=0,"""",COUNTIF(C19:H19,""<2300000""))";"=IF(COUNT(C19:H19)=0,"""",COUNTIF(C19:H19,2300000))";"=IF(COUNT(C19:H19)=0,"""",COUNTIF(C19:H19,""<=2300000""))";"=IF(COUNT(C19:H19)=0,"""",COUNTIF(C19:H19,"">2300000"")/COUNT(C19:H19))";"=IF(COUNT(C19:H19)<6,""Daten unvollständig"",IF(COUNTIF(C19:H19,""<=2300000"")>=4,""Entfernung prüfen"",IF(COUNTIF(C19:H19,""<=2300000"")>=2,""Warnung"",""OK"")))"
72;WaleedX;1668550;;;;;;"=IF(COUNT(C20:H20)=0,"""",SUM(C20:H20))";"=IF(COUNT(C20:H20)=0,"""",AVERAGE(C20:H20))";"=IF(COUNT(C20:H20)=0,"""",COUNTIF(C20:H20,""<2300000""))";"=IF(COUNT(C20:H20)=0,"""",COUNTIF(C20:H20,2300000))";"=IF(COUNT(C20:H20)=0,"""",COUNTIF(C20:H20,""<=2300000""))";"=IF(COUNT(C20:H20)=0,"""",COUNTIF(C20:H20,"">2300000"")/COUNT(C20:H20))";"=IF(COUNT(C20:H20)<6,""Daten unvollständig"",IF(COUNTIF(C20:H20,""<=2300000"")>=4,""Entfernung prüfen"",IF(COUNTIF(C20:H20,""<=2300000"")>=2,""Warnung"",""OK"")))"
73;VitaminDeano;1579250;;;;;;"=IF(COUNT(C21:H21)=0,"""",SUM(C21:H21))";"=IF(COUNT(C21:H21)=0,"""",AVERAGE(C21:H21))";"=IF(COUNT(C21:H21)=0,"""",COUNTIF(C21:H21,""<2300000""))";"=IF(COUNT(C21:H21)=0,"""",COUNTIF(C21:H21,2300000))";"=IF(COUNT(C21:H21)=0,"""",COUNTIF(C21:H21,""<=2300000""))";"=IF(COUNT(C21:H21)=0,"""",COUNTIF(C21:H21,"">2300000"")/COUNT(C21:H21))";"=IF(COUNT(C21:H21)<6,""Daten unvollständig"",IF(COUNTIF(C21:H21,""<=2300000"")>=4,""Entfernung prüfen"",IF(COUNTIF(C21:H21,""<=2300000"")>=2,""Warnung"",""OK"")))"
74;Thomster;1541990;;;;;;"=IF(COUNT(C22:H22)=0,"""",SUM(C22:H22))";"=IF(COUNT(C22:H22)=0,"""",AVERAGE(C22:H22))";"=IF(COUNT(C22:H22)=0,"""",COUNTIF(C22:H22,""<2300000""))";"=IF(COUNT(C22:H22)=0,"""",COUNTIF(C22:H22,2300000))";"=IF(COUNT(C22:H22)=0,"""",COUNTIF(C22:H22,""<=2300000""))";"=IF(COUNT(C22:H22)=0,"""",COUNTIF(C22:H22,"">2300000"")/COUNT(C22:H22))";"=IF(COUNT(C22:H22)<6,""Daten unvollständig"",IF(COUNTIF(C22:H22,""<=2300000"")>=4,""Entfernung prüfen"",IF(COUNTIF(C22:H22,""<=2300000"")>=2,""Warnung"",""OK"")))"
75;Lord von Krückeberg;1439016;;;;;;"=IF(COUNT(C23:H23)=0,"""",SUM(C23:H23))";"=IF(COUNT(C23:H23)=0,"""",AVERAGE(C23:H23))";"=IF(COUNT(C23:H23)=0,"""",COUNTIF(C23:H23,""<2300000""))";"=IF(COUNT(C23:H23)=0,"""",COUNTIF(C23:H23,2300000))";"=IF(COUNT(C23:H23)=0,"""",COUNTIF(C23:H23,""<=2300000""))";"=IF(COUNT(C23:H23)=0,"""",COUNTIF(C23:H23,"">2300000"")/COUNT(C23:H23))";"=IF(COUNT(C23:H23)<6,""Daten unvollständig"",IF(COUNTIF(C23:H23,""<=2300000"")>=4,""Entfernung prüfen"",IF(COUNTIF(C23:H23,""<=2300000"")>=2,""Warnung"",""OK"")))"
76;AZELYA;1282908;;;;;;"=IF(COUNT(C24:H24)=0,"""",SUM(C24:H24))";"=IF(COUNT(C24:H24)=0,"""",AVERAGE(C24:H24))";"=IF(COUNT(C24:H24)=0,"""",COUNTIF(C24:H24,""<2300000""))";"=IF(COUNT(C24:H24)=0,"""",COUNTIF(C24:H24,2300000))";"=IF(COUNT(C24:H24)=0,"""",COUNTIF(C24:H24,""<=2300000""))";"=IF(COUNT(C24:H24)=0,"""",COUNTIF(C24:H24,"">2300000"")/COUNT(C24:H24))";"=IF(COUNT(C24:H24)<6,""Daten unvollständig"",IF(COUNTIF(C24:H24,""<=2300000"")>=4,""Entfernung prüfen"",IF(COUNTIF(C24:H24,""<=2300000"")>=2,""Warnung"",""OK"")))"
77;Olli75;1191750;;;;;;"=IF(COUNT(C25:H25)=0,"""",SUM(C25:H25))";"=IF(COUNT(C25:H25)=0,"""",AVERAGE(C25:H25))";"=IF(COUNT(C25:H25)=0,"""",COUNTIF(C25:H25,""<2300000""))";"=IF(COUNT(C25:H25)=0,"""",COUNTIF(C25:H25,2300000))";"=IF(COUNT(C25:H25)=0,"""",COUNTIF(C25:H25,""<=2300000""))";"=IF(COUNT(C25:H25)=0,"""",COUNTIF(C25:H25,"">2300000"")/COUNT(C25:H25))";"=IF(COUNT(C25:H25)<6,""Daten unvollständig"",IF(COUNTIF(C25:H25,""<=2300000"")>=4,""Entfernung prüfen"",IF(COUNTIF(C25:H25,""<=2300000"")>=2,""Warnung"",""OK"")))"
78;Krzywson;1186062;;;;;;"=IF(COUNT(C26:H26)=0,"""",SUM(C26:H26))";"=IF(COUNT(C26:H26)=0,"""",AVERAGE(C26:H26))";"=IF(COUNT(C26:H26)=0,"""",COUNTIF(C26:H26,""<2300000""))";"=IF(COUNT(C26:H26)=0,"""",COUNTIF(C26:H26,2300000))";"=IF(COUNT(C26:H26)=0,"""",COUNTIF(C26:H26,""<=2300000""))";"=IF(COUNT(C26:H26)=0,"""",COUNTIF(C26:H26,"">2300000"")/COUNT(C26:H26))";"=IF(COUNT(C26:H26)<6,""Daten unvollständig"",IF(COUNTIF(C26:H26,""<=2300000"")>=4,""Entfernung prüfen"",IF(COUNTIF(C26:H26,""<=2300000"")>=2,""Warnung"",""OK"")))"
79;ijoyen;1147718;;;;;;"=IF(COUNT(C27:H27)=0,"""",SUM(C27:H27))";"=IF(COUNT(C27:H27)=0,"""",AVERAGE(C27:H27))";"=IF(COUNT(C27:H27)=0,"""",COUNTIF(C27:H27,""<2300000""))";"=IF(COUNT(C27:H27)=0,"""",COUNTIF(C27:H27,2300000))";"=IF(COUNT(C27:H27)=0,"""",COUNTIF(C27:H27,""<=2300000""))";"=IF(COUNT(C27:H27)=0,"""",COUNTIF(C27:H27,"">2300000"")/COUNT(C27:H27))";"=IF(COUNT(C27:H27)<6,""Daten unvollständig"",IF(COUNTIF(C27:H27,""<=2300000"")>=4,""Entfernung prüfen"",IF(COUNTIF(C27:H27,""<=2300000"")>=2,""Warnung"",""OK"")))"
80;El Capitan;1137875;;;;;;"=IF(COUNT(C28:H28)=0,"""",SUM(C28:H28))";"=IF(COUNT(C28:H28)=0,"""",AVERAGE(C28:H28))";"=IF(COUNT(C28:H28)=0,"""",COUNTIF(C28:H28,""<2300000""))";"=IF(COUNT(C28:H28)=0,"""",COUNTIF(C28:H28,2300000))";"=IF(COUNT(C28:H28)=0,"""",COUNTIF(C28:H28,""<=2300000""))";"=IF(COUNT(C28:H28)=0,"""",COUNTIF(C28:H28,"">2300000"")/COUNT(C28:H28))";"=IF(COUNT(C28:H28)<6,""Daten unvollständig"",IF(COUNTIF(C28:H28,""<=2300000"")>=4,""Entfernung prüfen"",IF(COUNTIF(C28:H28,""<=2300000"")>=2,""Warnung"",""OK"")))"
81;Soul;1104250;;;;;;"=IF(COUNT(C29:H29)=0,"""",SUM(C29:H29))";"=IF(COUNT(C29:H29)=0,"""",AVERAGE(C29:H29))";"=IF(COUNT(C29:H29)=0,"""",COUNTIF(C29:H29,""<2300000""))";"=IF(COUNT(C29:H29)=0,"""",COUNTIF(C29:H29,2300000))";"=IF(COUNT(C29:H29)=0,"""",COUNTIF(C29:H29,""<=2300000""))";"=IF(COUNT(C29:H29)=0,"""",COUNTIF(C29:H29,"">2300000"")/COUNT(C29:H29))";"=IF(COUNT(C29:H29)<6,""Daten unvollständig"",IF(COUNTIF(C29:H29,""<=2300000"")>=4,""Entfernung prüfen"",IF(COUNTIF(C29:H29,""<=2300000"")>=2,""Warnung"",""OK"")))"
82;Booomimicy;1079419;;;;;;"=IF(COUNT(C30:H30)=0,"""",SUM(C30:H30))";"=IF(COUNT(C30:H30)=0,"""",AVERAGE(C30:H30))";"=IF(COUNT(C30:H30)=0,"""",COUNTIF(C30:H30,""<2300000""))";"=IF(COUNT(C30:H30)=0,"""",COUNTIF(C30:H30,2300000))";"=IF(COUNT(C30:H30)=0,"""",COUNTIF(C30:H30,""<=2300000""))";"=IF(COUNT(C30:H30)=0,"""",COUNTIF(C30:H30,"">2300000"")/COUNT(C30:H30))";"=IF(COUNT(C30:H30)<6,""Daten unvollständig"",IF(COUNTIF(C30:H30,""<=2300000"")>=4,""Entfernung prüfen"",IF(COUNTIF(C30:H30,""<=2300000"")>=2,""Warnung"",""OK"")))"
83;AK13140;1072250;;;;;;"=IF(COUNT(C31:H31)=0,"""",SUM(C31:H31))";"=IF(COUNT(C31:H31)=0,"""",AVERAGE(C31:H31))";"=IF(COUNT(C31:H31)=0,"""",COUNTIF(C31:H31,""<2300000""))";"=IF(COUNT(C31:H31)=0,"""",COUNTIF(C31:H31,2300000))";"=IF(COUNT(C31:H31)=0,"""",COUNTIF(C31:H31,""<=2300000""))";"=IF(COUNT(C31:H31)=0,"""",COUNTIF(C31:H31,"">2300000"")/COUNT(C31:H31))";"=IF(COUNT(C31:H31)<6,""Daten unvollständig"",IF(COUNTIF(C31:H31,""<=2300000"")>=4,""Entfernung prüfen"",IF(COUNTIF(C31:H31,""<=2300000"")>=2,""Warnung"",""OK"")))"
84;Athénath;1056600;;;;;;"=IF(COUNT(C32:H32)=0,"""",SUM(C32:H32))";"=IF(COUNT(C32:H32)=0,"""",AVERAGE(C32:H32))";"=IF(COUNT(C32:H32)=0,"""",COUNTIF(C32:H32,""<2300000""))";"=IF(COUNT(C32:H32)=0,"""",COUNTIF(C32:H32,2300000))";"=IF(COUNT(C32:H32)=0,"""",COUNTIF(C32:H32,""<=2300000""))";"=IF(COUNT(C32:H32)=0,"""",COUNTIF(C32:H32,"">2300000"")/COUNT(C32:H32))";"=IF(COUNT(C32:H32)<6,""Daten unvollständig"",IF(COUNTIF(C32:H32,""<=2300000"")>=4,""Entfernung prüfen"",IF(COUNTIF(C32:H32,""<=2300000"")>=2,""Warnung"",""OK"")))"
85;Pikisoun;1041070;;;;;;"=IF(COUNT(C33:H33)=0,"""",SUM(C33:H33))";"=IF(COUNT(C33:H33)=0,"""",AVERAGE(C33:H33))";"=IF(COUNT(C33:H33)=0,"""",COUNTIF(C33:H33,""<2300000""))";"=IF(COUNT(C33:H33)=0,"""",COUNTIF(C33:H33,2300000))";"=IF(COUNT(C33:H33)=0,"""",COUNTIF(C33:H33,""<=2300000""))";"=IF(COUNT(C33:H33)=0,"""",COUNTIF(C33:H33,"">2300000"")/COUNT(C33:H33))";"=IF(COUNT(C33:H33)<6,""Daten unvollständig"",IF(COUNTIF(C33:H33,""<=2300000"")>=4,""Entfernung prüfen"",IF(COUNTIF(C33:H33,""<=2300000"")>=2,""Warnung"",""OK"")))"
86;Dεf&amιιgο;1014680;;;;;;"=IF(COUNT(C34:H34)=0,"""",SUM(C34:H34))";"=IF(COUNT(C34:H34)=0,"""",AVERAGE(C34:H34))";"=IF(COUNT(C34:H34)=0,"""",COUNTIF(C34:H34,""<2300000""))";"=IF(COUNT(C34:H34)=0,"""",COUNTIF(C34:H34,2300000))";"=IF(COUNT(C34:H34)=0,"""",COUNTIF(C34:H34,""<=2300000""))";"=IF(COUNT(C34:H34)=0,"""",COUNTIF(C34:H34,"">2300000"")/COUNT(C34:H34))";"=IF(COUNT(C34:H34)<6,""Daten unvollständig"",IF(COUNTIF(C34:H34,""<=2300000"")>=4,""Entfernung prüfen"",IF(COUNTIF(C34:H34,""<=2300000"")>=2,""Warnung"",""OK"")))"
87;LadyLou;1000837;;;;;;"=IF(COUNT(C35:H35)=0,"""",SUM(C35:H35))";"=IF(COUNT(C35:H35)=0,"""",AVERAGE(C35:H35))";"=IF(COUNT(C35:H35)=0,"""",COUNTIF(C35:H35,""<2300000""))";"=IF(COUNT(C35:H35)=0,"""",COUNTIF(C35:H35,2300000))";"=IF(COUNT(C35:H35)=0,"""",COUNTIF(C35:H35,""<=2300000""))";"=IF(COUNT(C35:H35)=0,"""",COUNTIF(C35:H35,"">2300000"")/COUNT(C35:H35))";"=IF(COUNT(C35:H35)<6,""Daten unvollständig"",IF(COUNTIF(C35:H35,""<=2300000"")>=4,""Entfernung prüfen"",IF(COUNTIF(C35:H35,""<=2300000"")>=2,""Warnung"",""OK"")))"
88;On s en fou;978498;;;;;;"=IF(COUNT(C36:H36)=0,"""",SUM(C36:H36))";"=IF(COUNT(C36:H36)=0,"""",AVERAGE(C36:H36))";"=IF(COUNT(C36:H36)=0,"""",COUNTIF(C36:H36,""<2300000""))";"=IF(COUNT(C36:H36)=0,"""",COUNTIF(C36:H36,2300000))";"=IF(COUNT(C36:H36)=0,"""",COUNTIF(C36:H36,""<=2300000""))";"=IF(COUNT(C36:H36)=0,"""",COUNTIF(C36:H36,"">2300000"")/COUNT(C36:H36))";"=IF(COUNT(C36:H36)<6,""Daten unvollständig"",IF(COUNTIF(C36:H36,""<=2300000"")>=4,""Entfernung prüfen"",IF(COUNTIF(C36:H36,""<=2300000"")>=2,""Warnung"",""OK"")))"
89;Maddog1908;895000;;;;;;"=IF(COUNT(C37:H37)=0,"""",SUM(C37:H37))";"=IF(COUNT(C37:H37)=0,"""",AVERAGE(C37:H37))";"=IF(COUNT(C37:H37)=0,"""",COUNTIF(C37:H37,""<2300000""))";"=IF(COUNT(C37:H37)=0,"""",COUNTIF(C37:H37,2300000))";"=IF(COUNT(C37:H37)=0,"""",COUNTIF(C37:H37,""<=2300000""))";"=IF(COUNT(C37:H37)=0,"""",COUNTIF(C37:H37,"">2300000"")/COUNT(C37:H37))";"=IF(COUNT(C37:H37)<6,""Daten unvollständig"",IF(COUNTIF(C37:H37,""<=2300000"")>=4,""Entfernung prüfen"",IF(COUNTIF(C37:H37,""<=2300000"")>=2,""Warnung"",""OK"")))"
90;Aymenfatt;884750;;;;;;"=IF(COUNT(C38:H38)=0,"""",SUM(C38:H38))";"=IF(COUNT(C38:H38)=0,"""",AVERAGE(C38:H38))";"=IF(COUNT(C38:H38)=0,"""",COUNTIF(C38:H38,""<2300000""))";"=IF(COUNT(C38:H38)=0,"""",COUNTIF(C38:H38,2300000))";"=IF(COUNT(C38:H38)=0,"""",COUNTIF(C38:H38,""<=2300000""))";"=IF(COUNT(C38:H38)=0,"""",COUNTIF(C38:H38,"">2300000"")/COUNT(C38:H38))";"=IF(COUNT(C38:H38)<6,""Daten unvollständig"",IF(COUNTIF(C38:H38,""<=2300000"")>=4,""Entfernung prüfen"",IF(COUNTIF(C38:H38,""<=2300000"")>=2,""Warnung"",""OK"")))"
91;Jonix;878041;;;;;;"=IF(COUNT(C39:H39)=0,"""",SUM(C39:H39))";"=IF(COUNT(C39:H39)=0,"""",AVERAGE(C39:H39))";"=IF(COUNT(C39:H39)=0,"""",COUNTIF(C39:H39,""<2300000""))";"=IF(COUNT(C39:H39)=0,"""",COUNTIF(C39:H39,2300000))";"=IF(COUNT(C39:H39)=0,"""",COUNTIF(C39:H39,""<=2300000""))";"=IF(COUNT(C39:H39)=0,"""",COUNTIF(C39:H39,"">2300000"")/COUNT(C39:H39))";"=IF(COUNT(C39:H39)<6,""Daten unvollständig"",IF(COUNTIF(C39:H39,""<=2300000"")>=4,""Entfernung prüfen"",IF(COUNTIF(C39:H39,""<=2300000"")>=2,""Warnung"",""OK"")))"
92;Zkittlez Kush;738208;;;;;;"=IF(COUNT(C40:H40)=0,"""",SUM(C40:H40))";"=IF(COUNT(C40:H40)=0,"""",AVERAGE(C40:H40))";"=IF(COUNT(C40:H40)=0,"""",COUNTIF(C40:H40,""<2300000""))";"=IF(COUNT(C40:H40)=0,"""",COUNTIF(C40:H40,2300000))";"=IF(COUNT(C40:H40)=0,"""",COUNTIF(C40:H40,""<=2300000""))";"=IF(COUNT(C40:H40)=0,"""",COUNTIF(C40:H40,"">2300000"")/COUNT(C40:H40))";"=IF(COUNT(C40:H40)<6,""Daten unvollständig"",IF(COUNTIF(C40:H40,""<=2300000"")>=4,""Entfernung prüfen"",IF(COUNTIF(C40:H40,""<=2300000"")>=2,""Warnung"",""OK"")))"
93;jassimvi;726750;;;;;;"=IF(COUNT(C41:H41)=0,"""",SUM(C41:H41))";"=IF(COUNT(C41:H41)=0,"""",AVERAGE(C41:H41))";"=IF(COUNT(C41:H41)=0,"""",COUNTIF(C41:H41,""<2300000""))";"=IF(COUNT(C41:H41)=0,"""",COUNTIF(C41:H41,2300000))";"=IF(COUNT(C41:H41)=0,"""",COUNTIF(C41:H41,""<=2300000""))";"=IF(COUNT(C41:H41)=0,"""",COUNTIF(C41:H41,"">2300000"")/COUNT(C41:H41))";"=IF(COUNT(C41:H41)<6,""Daten unvollständig"",IF(COUNTIF(C41:H41,""<=2300000"")>=4,""Entfernung prüfen"",IF(COUNTIF(C41:H41,""<=2300000"")>=2,""Warnung"",""OK"")))"
